{"cameraMode":{"drawMode":0,"name":"Shaded","section":"Shading Mode"},"sceneLighting":false,"audioPlay":false,"sceneViewState":{"m_AlwaysRefresh":false,"showFog":true,"showSkybox":false,"showFlares":true,"showImageEffects":true,"showParticleSystems":true,"showVisualEffectGraphs":true,"m_FxEnabled":true},"in2DMode":false,"pivot":{"x":-1.7195922136306763,"y":2.71710205078125,"z":1.5733650922775269},"rotation":{"x":-0.0002532997168600559,"y":-0.998570442199707,"z":0.05428524315357208,"w":-0.002700992627069354},"size":2.0628318786621095,"orthographic":false}