{"cameraMode":{"drawMode":0,"name":"Shaded","section":"Shading Mode"},"sceneLighting":false,"audioPlay":false,"sceneViewState":{"m_AlwaysRefresh":false,"showFog":true,"showSkybox":false,"showFlares":true,"showImageEffects":true,"showParticleSystems":true,"showVisualEffectGraphs":true,"m_FxEnabled":true},"in2DMode":false,"pivot":{"x":-0.7309003472328186,"y":3.2696001529693605,"z":0.2718677520751953},"rotation":{"x":0.012301856651902199,"y":0.046477060765028,"z":-0.00046334948274306953,"w":0.9988926649093628},"size":4.8109025955200199,"orthographic":false}